,STATEFIP,Caring For Household Members,Caring for NonHousehold Members,Pursuing Education,Eating & Drinking,Civic Obligations,Household Activities,Coordinating Household Labor,Personal Care,Talking on the Phone,Soliciting and Using Professional Services,Buying Items,Religious Activity,Socializing,Playing Sports,Traveling for Any Reason,Volunteering,Working
0,6,36.79144385026738,6.951871657754011,61.844919786096256,55.56149732620321,0.0,115.9144385026738,0.0,467.620320855615,13.475935828877006,0.0,36.36363636363637,0.0,199.80748663101605,0.0,142.59358288770053,8.04812834224599,288.1283422459893
1,12,215.0,0.0,0.0,20.0,0.0,195.0,0.0,640.0,0.0,0.0,0.0,0.0,30.0,0.0,150.0,0.0,125.0
2,15,0.0,0.0,0.0,45.84,0.0,0.0,0.0,447.6,0.0,0.0,0.0,0.0,425.96,0.0,182.2,0.0,327.6
3,25,2.0,0.0,0.0,118.0,0.0,0.0,0.0,740.0,20.0,0.0,3.0,0.0,0.0,0.0,97.0,0.0,460.0
4,32,0.0,0.0,0.0,90.0,0.0,0.0,0.0,760.0,0.0,0.0,0.0,0.0,40.0,0.0,70.0,0.0,480.0
5,36,0.0,0.0,0.0,100.0,0.0,60.0,0.0,590.0,0.0,0.0,0.0,0.0,195.0,0.0,75.0,0.0,420.0
